filename,true_label,source_original_pred,source_adv_pred,source_success
ILSVRC2012_val_00018317.png,1,1,1,False
ILSVRC2012_val_00045761.png,2,2,2,False
ILSVRC2012_val_00020011.png,3,3,3,False
ILSVRC2012_val_00026001.png,4,4,4,False
ILSVRC2012_val_00035367.png,5,5,5,False
ILSVRC2012_val_00017440.png,6,6,6,False
ILSVRC2012_val_00026908.png,7,7,7,False
ILSVRC2012_val_00028221.png,8,8,8,False
ILSVRC2012_val_00026271.png,9,9,9,False
ILSVRC2012_val_00049090.png,10,10,10,False
ILSVRC2012_val_00037748.png,11,11,11,False
ILSVRC2012_val_00016252.png,12,12,12,False
ILSVRC2012_val_00020495.png,13,13,13,False
ILSVRC2012_val_00003116.png,14,14,14,False
ILSVRC2012_val_00027811.png,15,15,15,False
ILSVRC2012_val_00034482.png,16,16,16,False
ILSVRC2012_val_00042600.png,17,17,17,False
ILSVRC2012_val_00034144.png,18,18,18,False
ILSVRC2012_val_00041206.png,19,19,19,False
ILSVRC2012_val_00017017.png,20,20,20,False
ILSVRC2012_val_00024059.png,21,21,21,False
ILSVRC2012_val_00013393.png,22,22,22,False
ILSVRC2012_val_00040474.png,23,23,23,False
ILSVRC2012_val_00022165.png,24,24,24,False
ILSVRC2012_val_00000318.png,25,25,25,False
ILSVRC2012_val_00012588.png,26,26,26,False
ILSVRC2012_val_00007561.png,27,27,27,False
ILSVRC2012_val_00017185.png,28,28,28,False
ILSVRC2012_val_00027931.png,29,29,29,False
ILSVRC2012_val_00013940.png,30,30,30,False
ILSVRC2012_val_00028352.png,31,31,31,False
ILSVRC2012_val_00043303.png,32,32,32,False
ILSVRC2012_val_00011303.png,33,33,33,False
ILSVRC2012_val_00041641.png,34,34,34,False
ILSVRC2012_val_00044755.png,35,35,35,False
ILSVRC2012_val_00013394.png,36,36,36,False
ILSVRC2012_val_00034770.png,37,37,37,False
ILSVRC2012_val_00027858.png,38,38,38,False
ILSVRC2012_val_00026793.png,39,39,39,False
ILSVRC2012_val_00033058.png,40,40,40,False
ILSVRC2012_val_00044996.png,41,41,41,False
ILSVRC2012_val_00042602.png,42,42,42,False
ILSVRC2012_val_00022247.png,43,43,43,False
ILSVRC2012_val_00044980.png,44,44,44,False
ILSVRC2012_val_00021786.png,45,45,45,False
ILSVRC2012_val_00047675.png,46,46,46,False
ILSVRC2012_val_00039203.png,47,47,47,False
ILSVRC2012_val_00017490.png,48,48,48,False
ILSVRC2012_val_00019652.png,49,49,49,False
ILSVRC2012_val_00035623.png,50,50,50,False
ILSVRC2012_val_00018666.png,51,51,51,False
ILSVRC2012_val_00027193.png,52,52,52,False
ILSVRC2012_val_00046257.png,53,53,53,False
ILSVRC2012_val_00031596.png,54,54,54,False
ILSVRC2012_val_00039732.png,55,55,55,False
ILSVRC2012_val_00030719.png,56,56,56,False
ILSVRC2012_val_00005676.png,57,57,57,False
ILSVRC2012_val_00006699.png,58,58,58,False
ILSVRC2012_val_00034970.png,59,59,59,False
ILSVRC2012_val_00002439.png,60,60,60,False
ILSVRC2012_val_00033547.png,61,61,61,False
ILSVRC2012_val_00013730.png,62,62,62,False
ILSVRC2012_val_00017927.png,63,63,63,False
ILSVRC2012_val_00049823.png,64,64,64,False
ILSVRC2012_val_00028197.png,65,56,56,True
ILSVRC2012_val_00000324.png,66,66,66,False
ILSVRC2012_val_00046538.png,67,67,67,False
ILSVRC2012_val_00038068.png,68,68,68,False
ILSVRC2012_val_00024609.png,69,69,69,False
ILSVRC2012_val_00015756.png,70,70,70,False
ILSVRC2012_val_00037311.png,71,71,71,False
ILSVRC2012_val_00043197.png,72,72,72,False
ILSVRC2012_val_00003008.png,73,73,73,False
ILSVRC2012_val_00023692.png,74,74,74,False
ILSVRC2012_val_00046384.png,75,75,75,False
ILSVRC2012_val_00016936.png,76,76,76,False
ILSVRC2012_val_00041311.png,77,77,77,False
ILSVRC2012_val_00010801.png,78,78,78,False
ILSVRC2012_val_00032783.png,79,79,79,False
ILSVRC2012_val_00005072.png,80,80,80,False
ILSVRC2012_val_00007126.png,81,81,81,False
ILSVRC2012_val_00009827.png,82,82,82,False
ILSVRC2012_val_00036573.png,83,83,83,False
ILSVRC2012_val_00033098.png,84,84,84,False
ILSVRC2012_val_00022767.png,85,85,85,False
ILSVRC2012_val_00043990.png,86,86,86,False
ILSVRC2012_val_00043041.png,87,87,87,False
ILSVRC2012_val_00049962.png,88,88,88,False
ILSVRC2012_val_00012864.png,89,89,89,False
ILSVRC2012_val_00041041.png,90,90,90,False
ILSVRC2012_val_00007778.png,91,91,91,False
ILSVRC2012_val_00044108.png,92,92,92,False
ILSVRC2012_val_00040014.png,93,93,93,False
ILSVRC2012_val_00048549.png,94,94,94,False
ILSVRC2012_val_00023796.png,95,95,95,False
ILSVRC2012_val_00011315.png,96,96,96,False
ILSVRC2012_val_00036354.png,97,97,97,False
ILSVRC2012_val_00022364.png,98,98,98,False
ILSVRC2012_val_00036162.png,99,99,99,False
ILSVRC2012_val_00029785.png,100,100,100,False
ILSVRC2012_val_00009998.png,101,101,101,False
ILSVRC2012_val_00036826.png,102,102,102,False
ILSVRC2012_val_00030772.png,103,103,103,False
ILSVRC2012_val_00042336.png,104,104,104,False
ILSVRC2012_val_00046362.png,105,105,105,False
ILSVRC2012_val_00015072.png,106,106,106,False
ILSVRC2012_val_00015717.png,107,107,107,False
ILSVRC2012_val_00038400.png,108,108,108,False
ILSVRC2012_val_00012332.png,109,109,109,False
ILSVRC2012_val_00017794.png,110,110,110,False
ILSVRC2012_val_00033409.png,111,111,111,False
ILSVRC2012_val_00026452.png,112,112,112,False
ILSVRC2012_val_00028654.png,113,113,113,False
ILSVRC2012_val_00030012.png,114,114,114,False
ILSVRC2012_val_00018757.png,115,115,115,False
ILSVRC2012_val_00008160.png,116,116,116,False
ILSVRC2012_val_00028345.png,117,117,117,False
ILSVRC2012_val_00034644.png,118,118,118,False
ILSVRC2012_val_00040764.png,119,119,119,False
ILSVRC2012_val_00011071.png,120,120,120,False
ILSVRC2012_val_00017911.png,121,121,121,False
ILSVRC2012_val_00023264.png,122,122,122,False
ILSVRC2012_val_00046975.png,123,123,123,False
ILSVRC2012_val_00012455.png,124,124,124,False
ILSVRC2012_val_00049661.png,125,125,125,False
ILSVRC2012_val_00031943.png,126,126,126,False
ILSVRC2012_val_00042774.png,127,127,127,False
ILSVRC2012_val_00026340.png,128,128,128,False
ILSVRC2012_val_00026338.png,129,129,129,False
ILSVRC2012_val_00013256.png,130,130,130,False
ILSVRC2012_val_00000356.png,131,131,131,False
ILSVRC2012_val_00033760.png,132,132,132,False
ILSVRC2012_val_00026861.png,133,133,133,False
ILSVRC2012_val_00042966.png,134,134,134,False
ILSVRC2012_val_00037379.png,135,135,135,False
ILSVRC2012_val_00019998.png,136,136,136,False
ILSVRC2012_val_00024020.png,137,137,137,False
ILSVRC2012_val_00006814.png,138,138,138,False
ILSVRC2012_val_00038522.png,139,139,139,False
ILSVRC2012_val_00042705.png,140,140,140,False
ILSVRC2012_val_00003964.png,141,141,141,False
ILSVRC2012_val_00000470.png,142,142,142,False
ILSVRC2012_val_00029913.png,143,143,143,False
ILSVRC2012_val_00011052.png,144,144,144,False
ILSVRC2012_val_00043841.png,145,145,145,False
ILSVRC2012_val_00047685.png,146,146,146,False
ILSVRC2012_val_00031023.png,147,147,147,False
ILSVRC2012_val_00041029.png,148,148,148,False
ILSVRC2012_val_00028941.png,149,149,149,False
ILSVRC2012_val_00022669.png,150,150,150,False
ILSVRC2012_val_00046758.png,151,151,151,False
ILSVRC2012_val_00039439.png,152,152,152,False
ILSVRC2012_val_00037960.png,153,153,153,False
ILSVRC2012_val_00039695.png,154,154,154,False
ILSVRC2012_val_00001069.png,155,155,155,False
ILSVRC2012_val_00012394.png,156,156,156,False
ILSVRC2012_val_00022521.png,157,157,157,False
ILSVRC2012_val_00028429.png,158,158,158,False
ILSVRC2012_val_00020963.png,159,159,159,False
ILSVRC2012_val_00017792.png,160,160,160,False
ILSVRC2012_val_00029056.png,161,161,161,False
ILSVRC2012_val_00025539.png,162,162,162,False
ILSVRC2012_val_00031220.png,163,163,163,False
ILSVRC2012_val_00044554.png,164,164,164,False
ILSVRC2012_val_00013962.png,165,165,165,False
ILSVRC2012_val_00045878.png,166,166,166,False
ILSVRC2012_val_00042394.png,167,167,167,False
ILSVRC2012_val_00018649.png,168,168,168,False
ILSVRC2012_val_00011176.png,169,169,169,False
ILSVRC2012_val_00040878.png,170,170,170,False
ILSVRC2012_val_00011311.png,171,171,171,False
ILSVRC2012_val_00012416.png,172,172,172,False
ILSVRC2012_val_00012644.png,173,173,173,False
ILSVRC2012_val_00004434.png,174,174,174,False
ILSVRC2012_val_00010665.png,175,175,175,False
ILSVRC2012_val_00002059.png,176,176,176,False
ILSVRC2012_val_00041908.png,177,177,177,False
ILSVRC2012_val_00031364.png,178,178,178,False
ILSVRC2012_val_00021668.png,179,179,179,False
ILSVRC2012_val_00000248.png,180,180,180,False
ILSVRC2012_val_00004947.png,181,181,181,False
ILSVRC2012_val_00004342.png,182,182,182,False
ILSVRC2012_val_00025302.png,183,183,183,False
ILSVRC2012_val_00001929.png,184,184,184,False
ILSVRC2012_val_00040915.png,185,185,185,False
ILSVRC2012_val_00014810.png,186,186,186,False
ILSVRC2012_val_00038457.png,187,187,187,False
ILSVRC2012_val_00044200.png,188,188,188,False
ILSVRC2012_val_00030776.png,189,189,189,False
ILSVRC2012_val_00004968.png,190,190,190,False
ILSVRC2012_val_00031845.png,191,191,191,False
ILSVRC2012_val_00042855.png,192,192,192,False
ILSVRC2012_val_00037723.png,193,193,193,False
ILSVRC2012_val_00032563.png,194,194,194,False
ILSVRC2012_val_00026267.png,195,195,195,False
ILSVRC2012_val_00004941.png,196,196,196,False
ILSVRC2012_val_00034118.png,197,197,197,False
ILSVRC2012_val_00032524.png,198,198,198,False
ILSVRC2012_val_00015592.png,199,199,199,False
ILSVRC2012_val_00003232.png,200,200,200,False
ILSVRC2012_val_00002630.png,201,201,201,False
ILSVRC2012_val_00033775.png,202,202,202,False
ILSVRC2012_val_00003198.png,203,203,203,False
ILSVRC2012_val_00027017.png,204,204,204,False
ILSVRC2012_val_00033763.png,205,205,205,False
ILSVRC2012_val_00013712.png,206,206,206,False
ILSVRC2012_val_00038920.png,207,207,207,False
ILSVRC2012_val_00034584.png,208,208,208,False
ILSVRC2012_val_00008346.png,209,209,209,False
ILSVRC2012_val_00040639.png,210,210,210,False
ILSVRC2012_val_00038044.png,211,211,211,False
ILSVRC2012_val_00017439.png,212,212,212,False
ILSVRC2012_val_00031785.png,213,213,213,False
ILSVRC2012_val_00009476.png,214,214,214,False
ILSVRC2012_val_00014745.png,215,215,215,False
ILSVRC2012_val_00013927.png,216,216,216,False
ILSVRC2012_val_00025471.png,217,217,217,False
ILSVRC2012_val_00014125.png,218,218,218,False
ILSVRC2012_val_00002353.png,219,219,219,False
ILSVRC2012_val_00041928.png,220,220,220,False
ILSVRC2012_val_00025181.png,221,221,221,False
ILSVRC2012_val_00047110.png,222,222,222,False
ILSVRC2012_val_00025006.png,223,223,223,False
ILSVRC2012_val_00013489.png,224,224,224,False
ILSVRC2012_val_00010928.png,225,225,225,False
ILSVRC2012_val_00011323.png,226,226,226,False
ILSVRC2012_val_00027053.png,227,227,227,False
ILSVRC2012_val_00043878.png,228,228,228,False
ILSVRC2012_val_00029214.png,229,229,229,False
ILSVRC2012_val_00030831.png,230,230,230,False
ILSVRC2012_val_00017879.png,231,231,231,False
ILSVRC2012_val_00027165.png,232,232,232,False
ILSVRC2012_val_00034069.png,233,233,233,False
ILSVRC2012_val_00016409.png,234,234,234,False
ILSVRC2012_val_00034429.png,235,235,235,False
ILSVRC2012_val_00024896.png,236,236,236,False
ILSVRC2012_val_00017646.png,237,237,237,False
ILSVRC2012_val_00035233.png,238,238,238,False
ILSVRC2012_val_00021196.png,239,239,239,False
ILSVRC2012_val_00005175.png,240,240,240,False
ILSVRC2012_val_00045080.png,241,241,241,False
ILSVRC2012_val_00032522.png,242,242,242,False
ILSVRC2012_val_00013856.png,243,243,243,False
ILSVRC2012_val_00017075.png,244,244,244,False
ILSVRC2012_val_00043131.png,245,245,245,False
ILSVRC2012_val_00026918.png,246,246,246,False
ILSVRC2012_val_00043452.png,247,247,247,False
ILSVRC2012_val_00002609.png,248,248,248,False
ILSVRC2012_val_00009157.png,249,249,249,False
ILSVRC2012_val_00009416.png,250,250,250,False
ILSVRC2012_val_00044104.png,251,251,251,False
ILSVRC2012_val_00022581.png,252,252,252,False
ILSVRC2012_val_00027947.png,253,253,253,False
ILSVRC2012_val_00043319.png,254,254,254,False
ILSVRC2012_val_00039291.png,255,255,255,False
ILSVRC2012_val_00013159.png,256,256,256,False
ILSVRC2012_val_00023569.png,257,257,257,False
ILSVRC2012_val_00036918.png,258,258,258,False
ILSVRC2012_val_00042625.png,259,259,259,False
ILSVRC2012_val_00021540.png,260,260,260,False
ILSVRC2012_val_00045687.png,261,261,261,False
ILSVRC2012_val_00016303.png,262,262,262,False
ILSVRC2012_val_00044473.png,263,263,263,False
ILSVRC2012_val_00023546.png,264,264,264,False
ILSVRC2012_val_00001686.png,265,265,265,False
ILSVRC2012_val_00012039.png,266,266,266,False
ILSVRC2012_val_00030403.png,267,267,267,False
ILSVRC2012_val_00016697.png,268,268,268,False
ILSVRC2012_val_00026509.png,269,269,269,False
ILSVRC2012_val_00011188.png,270,270,270,False
ILSVRC2012_val_00013358.png,271,271,271,False
ILSVRC2012_val_00037617.png,272,272,272,False
ILSVRC2012_val_00028916.png,273,273,273,False
ILSVRC2012_val_00030693.png,274,274,274,False
ILSVRC2012_val_00001148.png,275,275,275,False
ILSVRC2012_val_00022432.png,276,276,276,False
ILSVRC2012_val_00021035.png,277,277,277,False
ILSVRC2012_val_00014798.png,278,278,278,False
ILSVRC2012_val_00033561.png,279,279,279,False
ILSVRC2012_val_00034065.png,280,280,280,False
ILSVRC2012_val_00026842.png,281,281,281,False
ILSVRC2012_val_00045239.png,282,282,282,False
ILSVRC2012_val_00000796.png,283,283,283,False
ILSVRC2012_val_00015898.png,284,284,284,False
ILSVRC2012_val_00039931.png,285,285,285,False
ILSVRC2012_val_00005207.png,286,286,286,False
ILSVRC2012_val_00021045.png,287,287,287,False
ILSVRC2012_val_00049483.png,288,288,288,False
ILSVRC2012_val_00030737.png,289,289,289,False
ILSVRC2012_val_00026982.png,290,290,290,False
ILSVRC2012_val_00049347.png,291,291,291,False
ILSVRC2012_val_00001359.png,292,292,292,False
ILSVRC2012_val_00023810.png,293,293,293,False
ILSVRC2012_val_00029216.png,294,294,294,False
ILSVRC2012_val_00015955.png,295,295,295,False
ILSVRC2012_val_00048118.png,296,296,296,False
ILSVRC2012_val_00019930.png,297,297,297,False
ILSVRC2012_val_00032283.png,298,298,298,False
ILSVRC2012_val_00018630.png,299,299,299,False
ILSVRC2012_val_00047118.png,300,300,300,False
ILSVRC2012_val_00021653.png,301,301,301,False
ILSVRC2012_val_00031140.png,302,302,302,False
ILSVRC2012_val_00009626.png,303,303,303,False
ILSVRC2012_val_00045848.png,304,304,304,False
ILSVRC2012_val_00036613.png,305,305,305,False
ILSVRC2012_val_00013351.png,306,306,306,False
ILSVRC2012_val_00004339.png,307,307,307,False
ILSVRC2012_val_00028453.png,308,308,308,False
ILSVRC2012_val_00040397.png,309,309,309,False
ILSVRC2012_val_00020657.png,310,310,310,False
ILSVRC2012_val_00003814.png,311,311,311,False
ILSVRC2012_val_00022737.png,312,312,312,False
ILSVRC2012_val_00018535.png,313,313,313,False
ILSVRC2012_val_00016740.png,314,314,314,False
ILSVRC2012_val_00021755.png,315,315,315,False
ILSVRC2012_val_00017115.png,316,316,316,False
ILSVRC2012_val_00044407.png,317,317,317,False
ILSVRC2012_val_00029444.png,318,318,318,False
ILSVRC2012_val_00047939.png,319,319,319,False
ILSVRC2012_val_00046425.png,320,320,320,False
ILSVRC2012_val_00042764.png,321,321,321,False
ILSVRC2012_val_00008693.png,322,322,322,False
ILSVRC2012_val_00030779.png,323,323,323,False
ILSVRC2012_val_00011374.png,324,324,324,False
ILSVRC2012_val_00039335.png,325,325,325,False
ILSVRC2012_val_00034368.png,326,326,326,False
ILSVRC2012_val_00043218.png,327,327,327,False
ILSVRC2012_val_00001161.png,328,328,328,False
ILSVRC2012_val_00028454.png,329,329,329,False
ILSVRC2012_val_00036810.png,330,330,330,False
ILSVRC2012_val_00033548.png,331,331,331,False
ILSVRC2012_val_00023041.png,332,332,332,False
ILSVRC2012_val_00032730.png,333,333,333,False
ILSVRC2012_val_00013528.png,334,334,334,False
ILSVRC2012_val_00044646.png,335,335,335,False
ILSVRC2012_val_00038993.png,336,336,336,False
ILSVRC2012_val_00018582.png,337,337,337,False
ILSVRC2012_val_00003202.png,338,338,338,False
ILSVRC2012_val_00003675.png,339,339,339,False
ILSVRC2012_val_00017532.png,340,340,340,False
ILSVRC2012_val_00018423.png,341,341,341,False
ILSVRC2012_val_00026390.png,342,342,342,False
ILSVRC2012_val_00025142.png,343,343,343,False
ILSVRC2012_val_00025638.png,344,344,344,False
ILSVRC2012_val_00036081.png,345,345,345,False
ILSVRC2012_val_00004838.png,346,346,346,False
ILSVRC2012_val_00037946.png,347,347,347,False
ILSVRC2012_val_00032942.png,348,348,348,False
ILSVRC2012_val_00038653.png,349,349,349,False
ILSVRC2012_val_00039697.png,350,350,350,False
ILSVRC2012_val_00001885.png,351,351,351,False
ILSVRC2012_val_00017389.png,352,352,352,False
ILSVRC2012_val_00032385.png,353,353,353,False
ILSVRC2012_val_00046413.png,354,354,354,False
ILSVRC2012_val_00015861.png,355,355,355,False
ILSVRC2012_val_00001050.png,356,356,356,False
ILSVRC2012_val_00048496.png,357,357,357,False
ILSVRC2012_val_00005621.png,358,358,358,False
ILSVRC2012_val_00010052.png,359,359,359,False
ILSVRC2012_val_00036771.png,360,360,360,False
ILSVRC2012_val_00016202.png,361,361,361,False
ILSVRC2012_val_00000446.png,362,362,362,False
ILSVRC2012_val_00012860.png,363,363,363,False
ILSVRC2012_val_00018994.png,364,364,364,False
ILSVRC2012_val_00035990.png,365,365,365,False
ILSVRC2012_val_00047956.png,366,366,366,False
ILSVRC2012_val_00028177.png,367,367,367,False
ILSVRC2012_val_00008889.png,368,368,368,False
ILSVRC2012_val_00004058.png,369,369,369,False
ILSVRC2012_val_00008179.png,370,370,370,False
ILSVRC2012_val_00046645.png,371,371,371,False
ILSVRC2012_val_00007845.png,372,372,372,False
ILSVRC2012_val_00032732.png,373,373,373,False
ILSVRC2012_val_00045230.png,374,374,374,False
ILSVRC2012_val_00044914.png,375,375,375,False
ILSVRC2012_val_00028585.png,376,376,376,False
ILSVRC2012_val_00018749.png,377,377,377,False
ILSVRC2012_val_00006014.png,378,378,378,False
ILSVRC2012_val_00047365.png,379,379,379,False
ILSVRC2012_val_00007297.png,380,380,380,False
ILSVRC2012_val_00033927.png,381,381,381,False
ILSVRC2012_val_00026217.png,382,382,382,False
ILSVRC2012_val_00047853.png,383,383,383,False
ILSVRC2012_val_00001054.png,384,384,384,False
ILSVRC2012_val_00046745.png,385,385,385,False
ILSVRC2012_val_00040258.png,386,386,386,False
ILSVRC2012_val_00038578.png,387,387,387,False
ILSVRC2012_val_00014686.png,388,388,388,False
ILSVRC2012_val_00048200.png,389,389,389,False
ILSVRC2012_val_00012982.png,390,390,390,False
ILSVRC2012_val_00032579.png,391,391,391,False
ILSVRC2012_val_00047174.png,392,392,392,False
ILSVRC2012_val_00008724.png,393,393,393,False
ILSVRC2012_val_00034042.png,394,394,394,False
ILSVRC2012_val_00031255.png,395,395,395,False
ILSVRC2012_val_00033541.png,396,396,396,False
ILSVRC2012_val_00009165.png,397,397,397,False
ILSVRC2012_val_00019403.png,398,398,398,False
ILSVRC2012_val_00002148.png,399,399,399,False
ILSVRC2012_val_00005187.png,400,400,400,False
ILSVRC2012_val_00021881.png,401,401,401,False
ILSVRC2012_val_00013625.png,402,402,402,False
ILSVRC2012_val_00041930.png,403,403,403,False
ILSVRC2012_val_00033900.png,404,404,404,False
ILSVRC2012_val_00046971.png,405,405,405,False
ILSVRC2012_val_00010147.png,406,406,406,False
ILSVRC2012_val_00044658.png,407,407,407,False
ILSVRC2012_val_00024296.png,408,408,408,False
ILSVRC2012_val_00008360.png,409,409,409,False
ILSVRC2012_val_00015108.png,410,410,410,False
ILSVRC2012_val_00002391.png,411,411,411,False
ILSVRC2012_val_00042510.png,412,412,412,False
ILSVRC2012_val_00010877.png,413,413,413,False
ILSVRC2012_val_00014056.png,414,414,414,False
ILSVRC2012_val_00042327.png,415,415,415,False
ILSVRC2012_val_00021256.png,416,416,416,False
ILSVRC2012_val_00039129.png,417,417,417,False
ILSVRC2012_val_00040361.png,418,418,418,False
ILSVRC2012_val_00010497.png,419,419,419,False
ILSVRC2012_val_00006039.png,420,420,420,False
ILSVRC2012_val_00013131.png,421,421,421,False
ILSVRC2012_val_00023325.png,422,422,422,False
ILSVRC2012_val_00037608.png,423,423,423,False
ILSVRC2012_val_00043116.png,424,424,424,False
ILSVRC2012_val_00000076.png,425,425,425,False
ILSVRC2012_val_00019730.png,426,426,426,False
ILSVRC2012_val_00003043.png,427,427,427,False
ILSVRC2012_val_00000787.png,428,428,428,False
ILSVRC2012_val_00048739.png,429,429,429,False
ILSVRC2012_val_00026506.png,430,430,430,False
ILSVRC2012_val_00034473.png,431,431,431,False
ILSVRC2012_val_00047642.png,432,432,432,False
ILSVRC2012_val_00029252.png,433,433,433,False
ILSVRC2012_val_00039810.png,434,434,434,False
ILSVRC2012_val_00027792.png,435,435,435,False
ILSVRC2012_val_00028638.png,436,436,436,False
ILSVRC2012_val_00037160.png,437,437,437,False
ILSVRC2012_val_00035911.png,438,438,438,False
ILSVRC2012_val_00034097.png,439,439,439,False
ILSVRC2012_val_00025841.png,440,440,440,False
ILSVRC2012_val_00035507.png,441,441,441,False
ILSVRC2012_val_00039742.png,442,442,442,False
ILSVRC2012_val_00037196.png,443,443,443,False
ILSVRC2012_val_00013154.png,444,444,444,False
ILSVRC2012_val_00026250.png,445,445,445,False
ILSVRC2012_val_00029050.png,446,446,446,False
ILSVRC2012_val_00034050.png,447,447,447,False
ILSVRC2012_val_00046109.png,448,448,448,False
ILSVRC2012_val_00004330.png,449,449,449,False
ILSVRC2012_val_00021432.png,450,450,450,False
ILSVRC2012_val_00045079.png,451,451,451,False
ILSVRC2012_val_00033619.png,452,452,452,False
ILSVRC2012_val_00005523.png,453,453,453,False
ILSVRC2012_val_00003502.png,454,454,454,False
ILSVRC2012_val_00046690.png,455,455,455,False
ILSVRC2012_val_00021639.png,456,456,456,False
ILSVRC2012_val_00006182.png,457,457,457,False
ILSVRC2012_val_00039746.png,458,458,458,False
ILSVRC2012_val_00019749.png,459,459,459,False
ILSVRC2012_val_00029303.png,460,460,460,False
ILSVRC2012_val_00002469.png,461,461,461,False
ILSVRC2012_val_00039079.png,462,462,462,False
ILSVRC2012_val_00041911.png,463,463,463,False
ILSVRC2012_val_00022064.png,464,464,464,False
ILSVRC2012_val_00009444.png,465,465,465,False
ILSVRC2012_val_00031560.png,466,466,466,False
ILSVRC2012_val_00033558.png,467,467,467,False
ILSVRC2012_val_00019799.png,468,468,468,False
ILSVRC2012_val_00024931.png,469,469,469,False
ILSVRC2012_val_00009140.png,470,470,470,False
ILSVRC2012_val_00008717.png,471,471,471,False
ILSVRC2012_val_00032815.png,472,472,472,False
ILSVRC2012_val_00024906.png,473,473,473,False
ILSVRC2012_val_00015663.png,474,474,474,False
ILSVRC2012_val_00001299.png,475,475,475,False
ILSVRC2012_val_00012473.png,476,476,476,False
ILSVRC2012_val_00040917.png,477,477,477,False
ILSVRC2012_val_00030460.png,478,478,478,False
ILSVRC2012_val_00000019.png,479,479,479,False
ILSVRC2012_val_00004412.png,480,480,480,False
ILSVRC2012_val_00036406.png,481,481,481,False
ILSVRC2012_val_00042137.png,482,482,482,False
ILSVRC2012_val_00012468.png,483,483,483,False
ILSVRC2012_val_00003916.png,484,484,484,False
ILSVRC2012_val_00032462.png,485,485,485,False
ILSVRC2012_val_00020817.png,486,486,486,False
ILSVRC2012_val_00012115.png,487,487,487,False
ILSVRC2012_val_00033654.png,488,488,488,False
ILSVRC2012_val_00046589.png,489,489,489,False
ILSVRC2012_val_00041954.png,490,490,490,False
ILSVRC2012_val_00024629.png,491,491,491,False
ILSVRC2012_val_00007460.png,492,492,492,False
ILSVRC2012_val_00015177.png,493,493,493,False
ILSVRC2012_val_00007893.png,494,494,494,False
ILSVRC2012_val_00038376.png,495,495,495,False
ILSVRC2012_val_00028487.png,496,496,496,False
ILSVRC2012_val_00005832.png,497,497,497,False
ILSVRC2012_val_00034021.png,498,498,498,False
ILSVRC2012_val_00022945.png,499,499,499,False
ILSVRC2012_val_00038966.png,500,500,500,False
ILSVRC2012_val_00013091.png,501,501,501,False
ILSVRC2012_val_00038702.png,502,502,502,False
ILSVRC2012_val_00008871.png,503,503,503,False
ILSVRC2012_val_00028646.png,504,504,504,False
ILSVRC2012_val_00045860.png,505,505,505,False
ILSVRC2012_val_00020255.png,506,506,506,False
ILSVRC2012_val_00003496.png,507,507,507,False
ILSVRC2012_val_00046376.png,508,508,508,False
ILSVRC2012_val_00026428.png,509,509,509,False
ILSVRC2012_val_00034518.png,510,510,510,False
ILSVRC2012_val_00029800.png,511,511,511,False
ILSVRC2012_val_00036091.png,512,512,512,False
ILSVRC2012_val_00039009.png,513,513,513,False
ILSVRC2012_val_00004054.png,514,514,514,False
ILSVRC2012_val_00034753.png,515,515,515,False
ILSVRC2012_val_00005719.png,516,516,516,False
ILSVRC2012_val_00010259.png,517,517,517,False
ILSVRC2012_val_00016372.png,518,518,518,False
ILSVRC2012_val_00031743.png,519,519,519,False
ILSVRC2012_val_00016539.png,520,520,520,False
ILSVRC2012_val_00004602.png,521,521,521,False
ILSVRC2012_val_00021118.png,522,522,522,False
ILSVRC2012_val_00031771.png,523,523,523,False
ILSVRC2012_val_00005672.png,524,524,524,False
ILSVRC2012_val_00049883.png,525,462,462,True
ILSVRC2012_val_00038717.png,526,526,526,False
ILSVRC2012_val_00044861.png,527,527,527,False
ILSVRC2012_val_00014012.png,528,528,528,False
ILSVRC2012_val_00030193.png,529,529,529,False
ILSVRC2012_val_00023284.png,530,530,530,False
ILSVRC2012_val_00010019.png,531,531,531,False
ILSVRC2012_val_00039835.png,532,532,532,False
ILSVRC2012_val_00021888.png,533,533,533,False
ILSVRC2012_val_00029386.png,534,534,534,False
ILSVRC2012_val_00020884.png,535,535,535,False
ILSVRC2012_val_00039566.png,536,536,536,False
ILSVRC2012_val_00027221.png,537,537,537,False
ILSVRC2012_val_00043960.png,538,538,538,False
ILSVRC2012_val_00045649.png,539,539,539,False
ILSVRC2012_val_00035316.png,540,540,540,False
ILSVRC2012_val_00023790.png,541,541,541,False
ILSVRC2012_val_00021702.png,542,542,542,False
ILSVRC2012_val_00027965.png,543,543,543,False
ILSVRC2012_val_00006779.png,544,544,544,False
ILSVRC2012_val_00012450.png,545,545,545,False
ILSVRC2012_val_00004346.png,546,546,546,False
ILSVRC2012_val_00041609.png,547,547,547,False
ILSVRC2012_val_00023549.png,548,548,548,False
ILSVRC2012_val_00016250.png,549,549,549,False
ILSVRC2012_val_00021245.png,550,550,550,False
ILSVRC2012_val_00012573.png,551,551,551,False
ILSVRC2012_val_00004160.png,552,552,552,False
ILSVRC2012_val_00046806.png,553,553,553,False
ILSVRC2012_val_00005618.png,554,554,554,False
ILSVRC2012_val_00039559.png,555,555,555,False
ILSVRC2012_val_00029595.png,556,556,556,False
ILSVRC2012_val_00012175.png,557,557,557,False
ILSVRC2012_val_00012078.png,558,558,558,False
ILSVRC2012_val_00037909.png,559,559,559,False
ILSVRC2012_val_00012771.png,560,560,560,False
ILSVRC2012_val_00030254.png,561,561,561,False
ILSVRC2012_val_00018047.png,562,562,562,False
ILSVRC2012_val_00016149.png,563,563,563,False
ILSVRC2012_val_00021816.png,564,564,564,False
ILSVRC2012_val_00019307.png,565,565,565,False
ILSVRC2012_val_00033953.png,566,566,566,False
ILSVRC2012_val_00007536.png,567,567,567,False
ILSVRC2012_val_00030273.png,568,568,568,False
ILSVRC2012_val_00027815.png,569,569,569,False
ILSVRC2012_val_00026865.png,570,570,570,False
ILSVRC2012_val_00009791.png,571,571,571,False
ILSVRC2012_val_00013436.png,572,572,572,False
ILSVRC2012_val_00049793.png,573,573,573,False
ILSVRC2012_val_00042017.png,574,574,574,False
ILSVRC2012_val_00013633.png,575,575,575,False
ILSVRC2012_val_00012668.png,576,576,576,False
ILSVRC2012_val_00010337.png,577,577,577,False
ILSVRC2012_val_00002032.png,578,578,578,False
ILSVRC2012_val_00047427.png,579,579,579,False
ILSVRC2012_val_00016899.png,580,580,580,False
ILSVRC2012_val_00021681.png,581,581,581,False
ILSVRC2012_val_00021911.png,582,582,582,False
ILSVRC2012_val_00035884.png,583,583,583,False
ILSVRC2012_val_00041424.png,584,584,584,False
ILSVRC2012_val_00038731.png,585,585,585,False
ILSVRC2012_val_00005670.png,586,586,586,False
ILSVRC2012_val_00028658.png,587,587,587,False
ILSVRC2012_val_00032002.png,588,588,588,False
ILSVRC2012_val_00049590.png,589,589,589,False
ILSVRC2012_val_00007124.png,590,590,590,False
ILSVRC2012_val_00003188.png,591,591,591,False
ILSVRC2012_val_00044989.png,592,592,592,False
ILSVRC2012_val_00038630.png,593,593,593,False
ILSVRC2012_val_00030826.png,594,594,594,False
ILSVRC2012_val_00039186.png,595,595,595,False
ILSVRC2012_val_00046905.png,596,596,596,False
ILSVRC2012_val_00038419.png,597,597,597,False
ILSVRC2012_val_00035955.png,598,598,598,False
ILSVRC2012_val_00025117.png,599,599,599,False
ILSVRC2012_val_00036530.png,600,600,600,False
ILSVRC2012_val_00000575.png,601,601,601,False
ILSVRC2012_val_00021106.png,602,602,602,False
ILSVRC2012_val_00014669.png,603,603,603,False
ILSVRC2012_val_00013067.png,604,604,604,False
ILSVRC2012_val_00048860.png,605,605,605,False
ILSVRC2012_val_00030161.png,606,606,606,False
ILSVRC2012_val_00029840.png,607,607,607,False
ILSVRC2012_val_00009971.png,608,608,608,False
ILSVRC2012_val_00032573.png,609,609,609,False
ILSVRC2012_val_00026466.png,610,610,610,False
ILSVRC2012_val_00004520.png,611,611,611,False
ILSVRC2012_val_00017238.png,612,612,612,False
ILSVRC2012_val_00043161.png,613,613,613,False
ILSVRC2012_val_00003233.png,614,614,614,False
ILSVRC2012_val_00049234.png,615,615,615,False
ILSVRC2012_val_00048489.png,616,616,616,False
ILSVRC2012_val_00009095.png,617,617,617,False
ILSVRC2012_val_00038063.png,618,618,618,False
ILSVRC2012_val_00046392.png,619,619,619,False
ILSVRC2012_val_00044447.png,620,620,620,False
ILSVRC2012_val_00038104.png,621,621,621,False
ILSVRC2012_val_00009771.png,622,622,622,False
ILSVRC2012_val_00036313.png,623,623,623,False
ILSVRC2012_val_00024027.png,624,624,624,False
ILSVRC2012_val_00027584.png,625,625,625,False
ILSVRC2012_val_00042196.png,626,626,626,False
ILSVRC2012_val_00005722.png,627,627,627,False
ILSVRC2012_val_00039264.png,628,628,628,False
ILSVRC2012_val_00002093.png,629,629,629,False
ILSVRC2012_val_00030534.png,630,630,630,False
ILSVRC2012_val_00021725.png,631,631,631,False
ILSVRC2012_val_00045590.png,632,632,632,False
ILSVRC2012_val_00010819.png,633,633,633,False
ILSVRC2012_val_00044571.png,634,634,634,False
ILSVRC2012_val_00022675.png,635,635,635,False
ILSVRC2012_val_00032353.png,636,636,636,False
ILSVRC2012_val_00027741.png,637,637,637,False
ILSVRC2012_val_00011151.png,638,638,638,False
ILSVRC2012_val_00007053.png,639,639,639,False
ILSVRC2012_val_00017142.png,640,640,640,False
ILSVRC2012_val_00048354.png,641,641,641,False
ILSVRC2012_val_00026768.png,642,642,642,False
ILSVRC2012_val_00040861.png,643,643,643,False
ILSVRC2012_val_00016941.png,644,644,644,False
ILSVRC2012_val_00041898.png,645,645,645,False
ILSVRC2012_val_00021102.png,646,646,646,False
ILSVRC2012_val_00044403.png,647,647,647,False
ILSVRC2012_val_00007887.png,648,648,648,False
ILSVRC2012_val_00020086.png,649,649,649,False
ILSVRC2012_val_00018372.png,650,650,650,False
ILSVRC2012_val_00031013.png,651,651,651,False
ILSVRC2012_val_00008779.png,652,652,652,False
ILSVRC2012_val_00043287.png,653,653,653,False
ILSVRC2012_val_00036896.png,654,654,654,False
ILSVRC2012_val_00027157.png,655,655,655,False
ILSVRC2012_val_00010375.png,656,656,656,False
ILSVRC2012_val_00044089.png,657,657,657,False
ILSVRC2012_val_00026052.png,658,658,658,False
ILSVRC2012_val_00034524.png,659,659,659,False
ILSVRC2012_val_00029594.png,660,660,660,False
ILSVRC2012_val_00035097.png,661,661,661,False
ILSVRC2012_val_00029553.png,662,662,662,False
ILSVRC2012_val_00025706.png,663,663,663,False
ILSVRC2012_val_00029842.png,664,664,664,False
ILSVRC2012_val_00049784.png,665,665,665,False
ILSVRC2012_val_00004104.png,666,666,666,False
ILSVRC2012_val_00014930.png,667,667,667,False
ILSVRC2012_val_00044851.png,668,668,668,False
ILSVRC2012_val_00031119.png,669,669,669,False
ILSVRC2012_val_00000859.png,670,670,670,False
ILSVRC2012_val_00022401.png,671,671,671,False
ILSVRC2012_val_00042426.png,672,672,672,False
ILSVRC2012_val_00045084.png,673,673,673,False
ILSVRC2012_val_00045539.png,674,674,674,False
ILSVRC2012_val_00020103.png,675,675,675,False
ILSVRC2012_val_00009793.png,676,676,676,False
ILSVRC2012_val_00021342.png,677,677,677,False
ILSVRC2012_val_00004229.png,678,678,678,False
ILSVRC2012_val_00023271.png,679,679,679,False
ILSVRC2012_val_00019174.png,680,680,680,False
ILSVRC2012_val_00000540.png,681,681,681,False
ILSVRC2012_val_00015715.png,682,682,682,False
ILSVRC2012_val_00017506.png,683,683,683,False
ILSVRC2012_val_00020445.png,684,684,684,False
ILSVRC2012_val_00031571.png,685,685,685,False
ILSVRC2012_val_00008691.png,686,686,686,False
ILSVRC2012_val_00046519.png,687,687,687,False
ILSVRC2012_val_00009172.png,688,688,688,False
ILSVRC2012_val_00005023.png,689,689,689,False
ILSVRC2012_val_00041091.png,690,690,690,False
ILSVRC2012_val_00014640.png,691,691,691,False
ILSVRC2012_val_00039176.png,692,692,692,False
ILSVRC2012_val_00019016.png,693,693,693,False
ILSVRC2012_val_00016218.png,694,694,694,False
ILSVRC2012_val_00032590.png,695,695,695,False
ILSVRC2012_val_00025473.png,696,696,696,False
ILSVRC2012_val_00005694.png,697,697,697,False
ILSVRC2012_val_00028828.png,698,698,698,False
ILSVRC2012_val_00023227.png,699,699,699,False
ILSVRC2012_val_00047439.png,700,700,700,False
ILSVRC2012_val_00013889.png,701,701,701,False
ILSVRC2012_val_00007616.png,702,702,702,False
ILSVRC2012_val_00011647.png,703,703,703,False
ILSVRC2012_val_00032798.png,704,704,704,False
ILSVRC2012_val_00028312.png,705,705,705,False
ILSVRC2012_val_00024310.png,706,706,706,False
ILSVRC2012_val_00048451.png,707,707,707,False
ILSVRC2012_val_00041733.png,708,708,708,False
ILSVRC2012_val_00034875.png,709,709,709,False
ILSVRC2012_val_00043488.png,710,710,710,False
ILSVRC2012_val_00022443.png,711,711,711,False
ILSVRC2012_val_00047385.png,712,712,712,False
ILSVRC2012_val_00047393.png,713,713,713,False
ILSVRC2012_val_00024977.png,714,714,714,False
ILSVRC2012_val_00029992.png,715,715,715,False
ILSVRC2012_val_00045639.png,716,716,716,False
ILSVRC2012_val_00034416.png,717,717,717,False
ILSVRC2012_val_00033589.png,718,718,718,False
ILSVRC2012_val_00029034.png,719,719,719,False
ILSVRC2012_val_00029449.png,720,720,720,False
ILSVRC2012_val_00003066.png,721,721,721,False
ILSVRC2012_val_00033701.png,722,722,722,False
ILSVRC2012_val_00033175.png,723,723,723,False
ILSVRC2012_val_00027597.png,724,724,724,False
ILSVRC2012_val_00037776.png,725,725,725,False
ILSVRC2012_val_00018614.png,726,726,726,False
ILSVRC2012_val_00008288.png,727,727,727,False
ILSVRC2012_val_00019396.png,728,728,728,False
ILSVRC2012_val_00035198.png,729,729,729,False
ILSVRC2012_val_00022290.png,730,730,730,False
ILSVRC2012_val_00038945.png,731,731,731,False
ILSVRC2012_val_00006905.png,732,732,732,False
ILSVRC2012_val_00014850.png,733,733,733,False
ILSVRC2012_val_00038951.png,734,734,734,False
ILSVRC2012_val_00020853.png,735,735,735,False
ILSVRC2012_val_00030147.png,736,736,736,False
ILSVRC2012_val_00046005.png,737,737,737,False
ILSVRC2012_val_00030143.png,738,738,738,False
ILSVRC2012_val_00016454.png,739,739,739,False
ILSVRC2012_val_00026538.png,740,740,740,False
ILSVRC2012_val_00018033.png,741,752,752,True
ILSVRC2012_val_00005875.png,742,742,742,False
ILSVRC2012_val_00009689.png,743,743,743,False
ILSVRC2012_val_00006546.png,744,744,744,False
ILSVRC2012_val_00009588.png,745,745,745,False
ILSVRC2012_val_00041303.png,746,746,746,False
ILSVRC2012_val_00027603.png,747,747,747,False
ILSVRC2012_val_00032395.png,748,748,748,False
ILSVRC2012_val_00039205.png,749,749,749,False
ILSVRC2012_val_00023962.png,750,750,750,False
ILSVRC2012_val_00044687.png,751,751,751,False
ILSVRC2012_val_00006738.png,752,512,512,True
ILSVRC2012_val_00046313.png,753,753,753,False
ILSVRC2012_val_00031556.png,754,754,754,False
ILSVRC2012_val_00034715.png,755,755,755,False
ILSVRC2012_val_00043638.png,756,756,756,False
ILSVRC2012_val_00025514.png,757,757,757,False
ILSVRC2012_val_00021353.png,758,758,758,False
ILSVRC2012_val_00017567.png,759,759,759,False
ILSVRC2012_val_00035133.png,760,760,760,False
ILSVRC2012_val_00038840.png,761,761,761,False
ILSVRC2012_val_00022985.png,762,762,762,False
ILSVRC2012_val_00038151.png,763,763,763,False
ILSVRC2012_val_00038575.png,764,764,764,False
ILSVRC2012_val_00017615.png,765,765,765,False
ILSVRC2012_val_00047789.png,766,704,704,True
ILSVRC2012_val_00014839.png,767,767,767,False
ILSVRC2012_val_00001911.png,768,768,768,False
ILSVRC2012_val_00002555.png,769,769,769,False
ILSVRC2012_val_00003900.png,770,770,770,False
ILSVRC2012_val_00035596.png,771,771,771,False
ILSVRC2012_val_00029765.png,772,772,772,False
ILSVRC2012_val_00033544.png,773,773,773,False
ILSVRC2012_val_00002342.png,774,774,774,False
ILSVRC2012_val_00027771.png,775,775,775,False
ILSVRC2012_val_00029271.png,776,776,776,False
ILSVRC2012_val_00014003.png,777,777,777,False
ILSVRC2012_val_00021220.png,778,778,778,False
ILSVRC2012_val_00012529.png,779,779,779,False
ILSVRC2012_val_00025461.png,780,780,780,False
ILSVRC2012_val_00007978.png,781,781,781,False
ILSVRC2012_val_00017213.png,782,782,782,False
ILSVRC2012_val_00031567.png,783,783,783,False
ILSVRC2012_val_00046660.png,784,784,784,False
ILSVRC2012_val_00039125.png,785,785,785,False
ILSVRC2012_val_00009975.png,786,786,786,False
ILSVRC2012_val_00037519.png,787,787,787,False
ILSVRC2012_val_00024024.png,788,788,788,False
ILSVRC2012_val_00044973.png,789,789,789,False
ILSVRC2012_val_00001632.png,790,790,790,False
ILSVRC2012_val_00028558.png,791,791,791,False
ILSVRC2012_val_00010406.png,792,792,792,False
ILSVRC2012_val_00020523.png,793,793,793,False
ILSVRC2012_val_00027144.png,794,794,794,False
ILSVRC2012_val_00033918.png,795,795,795,False
ILSVRC2012_val_00024679.png,796,796,796,False
ILSVRC2012_val_00011305.png,797,797,797,False
ILSVRC2012_val_00045067.png,798,798,798,False
ILSVRC2012_val_00006464.png,799,799,799,False
ILSVRC2012_val_00029411.png,800,800,800,False
ILSVRC2012_val_00013787.png,801,801,801,False
ILSVRC2012_val_00010908.png,802,802,802,False
ILSVRC2012_val_00009236.png,803,803,803,False
ILSVRC2012_val_00014617.png,804,804,804,False
ILSVRC2012_val_00005424.png,805,805,805,False
ILSVRC2012_val_00024334.png,806,806,806,False
ILSVRC2012_val_00031652.png,807,807,807,False
ILSVRC2012_val_00028650.png,808,808,808,False
ILSVRC2012_val_00020420.png,809,809,809,False
ILSVRC2012_val_00001296.png,810,810,810,False
ILSVRC2012_val_00030759.png,811,811,811,False
ILSVRC2012_val_00040031.png,812,812,812,False
ILSVRC2012_val_00004703.png,813,813,813,False
ILSVRC2012_val_00003369.png,814,814,814,False
ILSVRC2012_val_00042203.png,815,815,815,False
ILSVRC2012_val_00048313.png,816,816,816,False
ILSVRC2012_val_00034139.png,817,817,817,False
ILSVRC2012_val_00049675.png,818,818,818,False
ILSVRC2012_val_00018294.png,819,819,819,False
ILSVRC2012_val_00043679.png,820,820,820,False
ILSVRC2012_val_00000544.png,821,821,821,False
ILSVRC2012_val_00012942.png,822,822,822,False
ILSVRC2012_val_00015062.png,823,823,823,False
ILSVRC2012_val_00045154.png,824,824,824,False
ILSVRC2012_val_00026365.png,825,825,825,False
ILSVRC2012_val_00008677.png,826,826,826,False
ILSVRC2012_val_00025757.png,827,827,827,False
ILSVRC2012_val_00001174.png,828,828,828,False
ILSVRC2012_val_00014495.png,829,829,829,False
ILSVRC2012_val_00033772.png,830,830,830,False
ILSVRC2012_val_00002731.png,831,831,831,False
ILSVRC2012_val_00047922.png,832,832,832,False
ILSVRC2012_val_00012967.png,833,833,833,False
ILSVRC2012_val_00034762.png,834,834,834,False
ILSVRC2012_val_00049025.png,835,835,835,False
ILSVRC2012_val_00037849.png,836,836,836,False
ILSVRC2012_val_00041874.png,837,837,837,False
ILSVRC2012_val_00019127.png,838,838,838,False
ILSVRC2012_val_00011004.png,839,839,839,False
ILSVRC2012_val_00041283.png,840,840,840,False
ILSVRC2012_val_00038364.png,841,841,841,False
ILSVRC2012_val_00002955.png,842,842,842,False
ILSVRC2012_val_00045851.png,843,843,843,False
ILSVRC2012_val_00044683.png,844,844,844,False
ILSVRC2012_val_00048738.png,845,845,845,False
ILSVRC2012_val_00028109.png,846,846,846,False
ILSVRC2012_val_00024312.png,847,847,847,False
ILSVRC2012_val_00034135.png,848,848,848,False
ILSVRC2012_val_00042077.png,849,849,849,False
ILSVRC2012_val_00049748.png,850,850,850,False
ILSVRC2012_val_00046628.png,851,851,851,False
ILSVRC2012_val_00022274.png,852,852,852,False
ILSVRC2012_val_00049400.png,853,853,853,False
ILSVRC2012_val_00046482.png,854,854,854,False
ILSVRC2012_val_00006662.png,855,855,855,False
ILSVRC2012_val_00011341.png,856,856,856,False
ILSVRC2012_val_00029312.png,857,857,857,False
ILSVRC2012_val_00004705.png,858,858,858,False
ILSVRC2012_val_00018247.png,859,859,859,False
ILSVRC2012_val_00040041.png,860,860,860,False
ILSVRC2012_val_00044655.png,861,861,861,False
ILSVRC2012_val_00033168.png,862,862,862,False
ILSVRC2012_val_00005528.png,863,863,863,False
ILSVRC2012_val_00000809.png,864,864,864,False
ILSVRC2012_val_00021814.png,865,865,865,False
ILSVRC2012_val_00000579.png,866,866,866,False
ILSVRC2012_val_00024074.png,867,867,867,False
ILSVRC2012_val_00018084.png,868,868,868,False
ILSVRC2012_val_00027040.png,869,869,869,False
ILSVRC2012_val_00024006.png,870,870,870,False
ILSVRC2012_val_00020297.png,871,871,871,False
ILSVRC2012_val_00005581.png,872,872,872,False
ILSVRC2012_val_00011069.png,873,873,873,False
ILSVRC2012_val_00030634.png,874,874,874,False
ILSVRC2012_val_00038949.png,875,875,875,False
ILSVRC2012_val_00007362.png,876,876,876,False
ILSVRC2012_val_00013218.png,877,877,877,False
ILSVRC2012_val_00002459.png,878,878,878,False
ILSVRC2012_val_00044306.png,879,879,879,False
ILSVRC2012_val_00017127.png,880,880,880,False
ILSVRC2012_val_00016269.png,881,881,881,False
ILSVRC2012_val_00030586.png,882,882,882,False
ILSVRC2012_val_00047419.png,883,883,883,False
ILSVRC2012_val_00031592.png,884,884,884,False
ILSVRC2012_val_00019945.png,885,885,885,False
ILSVRC2012_val_00025160.png,886,886,886,False
ILSVRC2012_val_00007841.png,887,887,887,False
ILSVRC2012_val_00003578.png,888,888,888,False
ILSVRC2012_val_00012169.png,889,889,889,False
ILSVRC2012_val_00036991.png,890,890,890,False
ILSVRC2012_val_00021825.png,891,891,891,False
ILSVRC2012_val_00040911.png,892,892,892,False
ILSVRC2012_val_00030330.png,893,893,893,False
ILSVRC2012_val_00016256.png,894,894,894,False
ILSVRC2012_val_00005087.png,895,895,895,False
ILSVRC2012_val_00020759.png,896,896,896,False
ILSVRC2012_val_00013523.png,897,897,897,False
ILSVRC2012_val_00049921.png,898,898,898,False
ILSVRC2012_val_00014215.png,899,899,899,False
ILSVRC2012_val_00043815.png,900,900,900,False
ILSVRC2012_val_00037082.png,901,901,901,False
ILSVRC2012_val_00042683.png,902,902,902,False
ILSVRC2012_val_00039649.png,903,903,903,False
ILSVRC2012_val_00006204.png,904,904,904,False
ILSVRC2012_val_00011364.png,905,905,905,False
ILSVRC2012_val_00041315.png,906,906,906,False
ILSVRC2012_val_00005652.png,907,907,907,False
ILSVRC2012_val_00016360.png,908,441,441,True
ILSVRC2012_val_00029081.png,909,909,909,False
ILSVRC2012_val_00003240.png,910,910,910,False
ILSVRC2012_val_00008796.png,911,911,911,False
ILSVRC2012_val_00035088.png,912,912,912,False
ILSVRC2012_val_00026143.png,913,913,913,False
ILSVRC2012_val_00042772.png,914,914,914,False
ILSVRC2012_val_00044801.png,915,915,915,False
ILSVRC2012_val_00000839.png,916,916,916,False
ILSVRC2012_val_00028582.png,917,917,917,False
ILSVRC2012_val_00012581.png,918,918,918,False
ILSVRC2012_val_00004799.png,919,919,919,False
ILSVRC2012_val_00036374.png,920,920,920,False
ILSVRC2012_val_00041032.png,921,921,921,False
ILSVRC2012_val_00009121.png,922,922,922,False
ILSVRC2012_val_00037378.png,923,923,923,False
ILSVRC2012_val_00003935.png,924,924,924,False
ILSVRC2012_val_00041996.png,925,925,925,False
ILSVRC2012_val_00017524.png,926,926,926,False
ILSVRC2012_val_00007171.png,927,810,810,True
ILSVRC2012_val_00006755.png,928,928,928,False
ILSVRC2012_val_00004495.png,929,929,929,False
ILSVRC2012_val_00048328.png,930,930,930,False
ILSVRC2012_val_00005025.png,931,931,931,False
ILSVRC2012_val_00043248.png,932,932,932,False
ILSVRC2012_val_00038744.png,933,933,933,False
ILSVRC2012_val_00004041.png,934,934,934,False
ILSVRC2012_val_00003930.png,935,935,935,False
ILSVRC2012_val_00042589.png,936,936,936,False
ILSVRC2012_val_00037102.png,937,937,937,False
ILSVRC2012_val_00038518.png,938,938,938,False
ILSVRC2012_val_00007774.png,939,939,939,False
ILSVRC2012_val_00017362.png,940,940,940,False
ILSVRC2012_val_00021629.png,941,941,941,False
ILSVRC2012_val_00024232.png,942,942,942,False
ILSVRC2012_val_00038404.png,943,943,943,False
ILSVRC2012_val_00022886.png,944,944,944,False
ILSVRC2012_val_00035395.png,945,945,945,False
ILSVRC2012_val_00027571.png,946,946,946,False
ILSVRC2012_val_00011027.png,947,947,947,False
ILSVRC2012_val_00048066.png,948,948,948,False
ILSVRC2012_val_00016141.png,949,949,949,False
ILSVRC2012_val_00031440.png,950,950,950,False
ILSVRC2012_val_00045114.png,951,951,951,False
ILSVRC2012_val_00001671.png,952,952,952,False
ILSVRC2012_val_00007013.png,953,953,953,False
ILSVRC2012_val_00004198.png,954,954,954,False
ILSVRC2012_val_00009227.png,955,955,955,False
ILSVRC2012_val_00048159.png,956,956,956,False
ILSVRC2012_val_00002644.png,957,957,957,False
ILSVRC2012_val_00010111.png,958,958,958,False
ILSVRC2012_val_00011427.png,959,959,959,False
ILSVRC2012_val_00013472.png,960,960,960,False
ILSVRC2012_val_00004935.png,961,961,961,False
ILSVRC2012_val_00032598.png,962,962,962,False
ILSVRC2012_val_00008075.png,963,963,963,False
ILSVRC2012_val_00015007.png,964,964,964,False
ILSVRC2012_val_00030875.png,965,965,965,False
ILSVRC2012_val_00010112.png,966,966,966,False
ILSVRC2012_val_00049309.png,967,967,967,False
ILSVRC2012_val_00028396.png,968,968,968,False
ILSVRC2012_val_00045302.png,969,969,969,False
ILSVRC2012_val_00019012.png,970,810,810,True
ILSVRC2012_val_00001292.png,971,971,971,False
ILSVRC2012_val_00010016.png,972,972,972,False
ILSVRC2012_val_00047843.png,973,973,973,False
ILSVRC2012_val_00015661.png,974,974,974,False
ILSVRC2012_val_00035544.png,975,975,975,False
ILSVRC2012_val_00003311.png,976,976,976,False
ILSVRC2012_val_00017332.png,977,977,977,False
ILSVRC2012_val_00047284.png,978,978,978,False
ILSVRC2012_val_00015471.png,979,979,979,False
ILSVRC2012_val_00005742.png,980,980,980,False
ILSVRC2012_val_00037959.png,981,981,981,False
ILSVRC2012_val_00005037.png,982,982,982,False
ILSVRC2012_val_00006006.png,983,983,983,False
ILSVRC2012_val_00027675.png,984,984,984,False
ILSVRC2012_val_00002321.png,985,985,985,False
ILSVRC2012_val_00010143.png,986,986,986,False
ILSVRC2012_val_00047346.png,987,987,987,False
ILSVRC2012_val_00048526.png,988,988,988,False
ILSVRC2012_val_00012754.png,989,989,989,False
ILSVRC2012_val_00006512.png,990,990,990,False
ILSVRC2012_val_00045215.png,991,991,991,False
ILSVRC2012_val_00044046.png,992,992,992,False
ILSVRC2012_val_00047343.png,993,993,993,False
ILSVRC2012_val_00042619.png,994,994,994,False
ILSVRC2012_val_00029762.png,995,995,995,False
ILSVRC2012_val_00004629.png,996,996,996,False
ILSVRC2012_val_00020929.png,997,997,997,False
ILSVRC2012_val_00025648.png,998,998,998,False
ILSVRC2012_val_00000412.png,999,999,999,False
ILSVRC2012_val_00041747.png,1000,1000,1000,False
